[
    {
        "country": "Afghanistan",
        "location": "Southern and Central Asia"
    },
    {
        "country": "Albania",
        "location": "Southern Europe"
    },
    {
        "country": "Algeria",
        "location": "Northern Africa"
    },
    {
        "country": "American Samoa",
        "location": "Polynesia"
    },
    {
        "country": "Andorra",
        "location": "Southern Europe"
    },
    {
        "country": "Angola",
        "location": "Central Africa"
    },
    {
        "country": "Anguilla",
        "location": "Caribbean"
    },
    {
        "country": "Antarctica",
        "location": "Antarctica"
    },
    {
        "country": "Antigua and Barbuda",
        "location": "Caribbean"
    },
    {
        "country": "Argentina",
        "location": "South America"
    },
    {
        "country": "Armenia",
        "location": "Middle East"
    },
    {
        "country": "Aruba",
        "location": "Caribbean"
    },
    {
        "country": "Australia",
        "location": "Australia and New Zealand"
    },
    {
        "country": "Austria",
        "location": "Western Europe"
    },
    {
        "country": "Azerbaijan",
        "location": "Middle East"
    },
    {
        "country": "Bahamas",
        "location": "Caribbean"
    },
    {
        "country": "Bahrain",
        "location": "Middle East"
    },
    {
        "country": "Bangladesh",
        "location": "Southern and Central Asia"
    },
    {
        "country": "Barbados",
        "location": "Caribbean"
    },
    {
        "country": "Belarus",
        "location": "Eastern Europe"
    },
    {
        "country": "Belgium",
        "location": "Western Europe"
    },
    {
        "country": "Belize",
        "location": "Central America"
    },
    {
        "country": "Benin",
        "location": "Western Africa"
    },
    {
        "country": "Bermuda",
        "location": "North America"
    },
    {
        "country": "Bhutan",
        "location": "Southern and Central Asia"
    },
    {
        "country": "Bolivia",
        "location": "South America"
    },
    {
        "country": "Bosnia and Herzegovina",
        "location": "Southern Europe"
    },
    {
        "country": "Botswana",
        "location": "Southern Africa"
    },
    {
        "country": "Bouvet Island",
        "location": "Antarctica"
    },
    {
        "country": "Brazil",
        "location": "South America"
    },
    {
        "country": "British Indian Ocean Territory",
        "location": "Eastern Africa"
    },
    {
        "country": "Brunei",
        "location": "Southeast Asia"
    },
    {
        "country": "Bulgaria",
        "location": "Eastern Europe"
    },
    {
        "country": "Burkina Faso",
        "location": "Western Africa"
    },
    {
        "country": "Burundi",
        "location": "Eastern Africa"
    },
    {
        "country": "Cambodia",
        "location": "Southeast Asia"
    },
    {
        "country": "Cameroon",
        "location": "Central Africa"
    },
    {
        "country": "Canada",
        "location": "North America"
    },
    {
        "country": "Cape Verde",
        "location": "Western Africa"
    },
    {
        "country": "Cayman Islands",
        "location": "Caribbean"
    },
    {
        "country": "Central African Republic",
        "location": "Central Africa"
    },
    {
        "country": "Chad",
        "location": "Central Africa"
    },
    {
        "country": "Chile",
        "location": "South America"
    },
    {
        "country": "China",
        "location": "Eastern Asia"
    },
    {
        "country": "Christmas Island",
        "location": "Australia and New Zealand"
    },
    {
        "country": "Cocos (Keeling) Islands",
        "location": "Australia and New Zealand"
    },
    {
        "country": "Colombia",
        "location": "South America"
    },
    {
        "country": "Comoros",
        "location": "Eastern Africa"
    },
    {
        "country": "Congo",
        "location": "Central Africa"
    },
    {
        "country": "Cook Islands",
        "location": "Polynesia"
    },
    {
        "country": "Costa Rica",
        "location": "Central America"
    },
    {
        "country": "Croatia",
        "location": "Southern Europe"
    },
    {
        "country": "Cuba",
        "location": "Caribbean"
    },
    {
        "country": "Cyprus",
        "location": "Middle East"
    },
    {
        "country": "Czech Republic",
        "location": "Eastern Europe"
    },
    {
        "country": "Denmark",
        "location": "Nordic Countries"
    },
    {
        "country": "Djibouti",
        "location": "Eastern Africa"
    },
    {
        "country": "Dominica",
        "location": "Caribbean"
    },
    {
        "country": "Dominican Republic",
        "location": "Caribbean"
    },
    {
        "country": "East Timor",
        "location": "Southeast Asia"
    },
    {
        "country": "Ecuador",
        "location": "South America"
    },
    {
        "country": "Egypt",
        "location": "Northern Africa"
    },
    {
        "country": "El Salvador",
        "location": "Central America"
    },
    {
        "country": "England",
        "location": null
    },
    {
        "country": "Equatorial Guinea",
        "location": "Central Africa"
    },
    {
        "country": "Eritrea",
        "location": "Eastern Africa"
    },
    {
        "country": "Estonia",
        "location": "Baltic Countries"
    },
    {
        "country": "Ethiopia",
        "location": "Eastern Africa"
    },
    {
        "country": "Falkland Islands",
        "location": "South America"
    },
    {
        "country": "Faroe Islands",
        "location": "Nordic Countries"
    },
    {
        "country": "Fiji Islands",
        "location": "Melanesia"
    },
    {
        "country": "Finland",
        "location": "Nordic Countries"
    },
    {
        "country": "France",
        "location": "Western Europe"
    },
    {
        "country": "French Guiana",
        "location": "South America"
    },
    {
        "country": "French Polynesia",
        "location": "Polynesia"
    },
    {
        "country": "French Southern territories",
        "location": "Antarctica"
    },
    {
        "country": "Gabon",
        "location": "Central Africa"
    },
    {
        "country": "Gambia",
        "location": "Western Africa"
    },
    {
        "country": "Georgia",
        "location": "Middle East"
    },
    {
        "country": "Germany",
        "location": "Western Europe"
    },
    {
        "country": "Ghana",
        "location": "Western Africa"
    },
    {
        "country": "Gibraltar",
        "location": "Southern Europe"
    },
    {
        "country": "Greece",
        "location": "Southern Europe"
    },
    {
        "country": "Greenland",
        "location": "North America"
    },
    {
        "country": "Grenada",
        "location": "Caribbean"
    },
    {
        "country": "Guadeloupe",
        "location": "Caribbean"
    },
    {
        "country": "Guam",
        "location": "Micronesia"
    },
    {
        "country": "Guatemala",
        "location": "Central America"
    },
    {
        "country": "Guinea",
        "location": "Western Africa"
    },
    {
        "country": "Guinea-Bissau",
        "location": "Western Africa"
    },
    {
        "country": "Guyana",
        "location": "South America"
    },
    {
        "country": "Haiti",
        "location": "Caribbean"
    },
    {
        "country": "Heard Island and McDonald Islands",
        "location": "Antarctica"
    },
    {
        "country": "Holy See (Vatican City State)",
        "location": "Southern Europe"
    },
    {
        "country": "Honduras",
        "location": "Central America"
    },
    {
        "country": "Hong Kong",
        "location": "Eastern Asia"
    },
    {
        "country": "Hungary",
        "location": "Eastern Europe"
    },
    {
        "country": "Iceland",
        "location": "Nordic Countries"
    },
    {
        "country": "India",
        "location": "Southern and Central Asia"
    },
    {
        "country": "Indonesia",
        "location": "Southeast Asia"
    },
    {
        "country": "Iran",
        "location": "Southern and Central Asia"
    },
    {
        "country": "Iraq",
        "location": "Middle East"
    },
    {
        "country": "Ireland",
        "location": "British Isles"
    },
    {
        "country": "Israel",
        "location": "Middle East"
    },
    {
        "country": "Italy",
        "location": "Southern Europe"
    },
    {
        "country": "Ivory Coast",
        "location": "Western Africa"
    },
    {
        "country": "Jamaica",
        "location": "Caribbean"
    },
    {
        "country": "Japan",
        "location": "Eastern Asia"
    },
    {
        "country": "Jordan",
        "location": "Middle East"
    },
    {
        "country": "Kazakhstan",
        "location": "Southern and Central Asia"
    },
    {
        "country": "Kenya",
        "location": "Eastern Africa"
    },
    {
        "country": "Kiribati",
        "location": "Micronesia"
    },
    {
        "country": "Kuwait",
        "location": "Middle East"
    },
    {
        "country": "Kyrgyzstan",
        "location": "Southern and Central Asia"
    },
    {
        "country": "Laos",
        "location": "Southeast Asia"
    },
    {
        "country": "Latvia",
        "location": "Baltic Countries"
    },
    {
        "country": "Lebanon",
        "location": "Middle East"
    },
    {
        "country": "Lesotho",
        "location": "Southern Africa"
    },
    {
        "country": "Liberia",
        "location": "Western Africa"
    },
    {
        "country": "Libyan Arab Jamahiriya",
        "location": "Northern Africa"
    },
    {
        "country": "Liechtenstein",
        "location": "Western Europe"
    },
    {
        "country": "Lithuania",
        "location": "Baltic Countries"
    },
    {
        "country": "Luxembourg",
        "location": "Western Europe"
    },
    {
        "country": "Macao",
        "location": "Eastern Asia"
    },
    {
        "country": "North Macedonia",
        "location": "Southern Europe"
    },
    {
        "country": "Madagascar",
        "location": "Eastern Africa"
    },
    {
        "country": "Malawi",
        "location": "Eastern Africa"
    },
    {
        "country": "Malaysia",
        "location": "Southeast Asia"
    },
    {
        "country": "Maldives",
        "location": "Southern and Central Asia"
    },
    {
        "country": "Mali",
        "location": "Western Africa"
    },
    {
        "country": "Malta",
        "location": "Southern Europe"
    },
    {
        "country": "Marshall Islands",
        "location": "Micronesia"
    },
    {
        "country": "Martinique",
        "location": "Caribbean"
    },
    {
        "country": "Mauritania",
        "location": "Western Africa"
    },
    {
        "country": "Mauritius",
        "location": "Eastern Africa"
    },
    {
        "country": "Mayotte",
        "location": "Eastern Africa"
    },
    {
        "country": "Mexico",
        "location": "Central America"
    },
    {
        "country": "Micronesia, Federated States of",
        "location": "Micronesia"
    },
    {
        "country": "Moldova",
        "location": "Eastern Europe"
    },
    {
        "country": "Monaco",
        "location": "Western Europe"
    },
    {
        "country": "Mongolia",
        "location": "Eastern Asia"
    },
    {
        "country": "Montserrat",
        "location": "Caribbean"
    },
    {
        "country": "Morocco",
        "location": "Northern Africa"
    },
    {
        "country": "Mozambique",
        "location": "Eastern Africa"
    },
    {
        "country": "Myanmar",
        "location": "Southeast Asia"
    },
    {
        "country": "Namibia",
        "location": "Southern Africa"
    },
    {
        "country": "Nauru",
        "location": "Micronesia"
    },
    {
        "country": "Nepal",
        "location": "Southern and Central Asia"
    },
    {
        "country": "Netherlands",
        "location": "Western Europe"
    },
    {
        "country": "Netherlands Antilles",
        "location": "Caribbean"
    },
    {
        "country": "New Caledonia",
        "location": "Melanesia"
    },
    {
        "country": "New Zealand",
        "location": "Australia and New Zealand"
    },
    {
        "country": "Nicaragua",
        "location": "Central America"
    },
    {
        "country": "Niger",
        "location": "Western Africa"
    },
    {
        "country": "Nigeria",
        "location": "Western Africa"
    },
    {
        "country": "Niue",
        "location": "Polynesia"
    },
    {
        "country": "Norfolk Island",
        "location": "Australia and New Zealand"
    },
    {
        "country": "North Korea",
        "location": "Eastern Asia"
    },
    {
        "country": "Northern Ireland",
        "location": null
    },
    {
        "country": "Northern Mariana Islands",
        "location": "Micronesia"
    },
    {
        "country": "Norway",
        "location": "Nordic Countries"
    },
    {
        "country": "Oman",
        "location": "Middle East"
    },
    {
        "country": "Pakistan",
        "location": "Southern and Central Asia"
    },
    {
        "country": "Palau",
        "location": "Micronesia"
    },
    {
        "country": "Palestine",
        "location": "Middle East"
    },
    {
        "country": "Panama",
        "location": "Central America"
    },
    {
        "country": "Papua New Guinea",
        "location": "Melanesia"
    },
    {
        "country": "Paraguay",
        "location": "South America"
    },
    {
        "country": "Peru",
        "location": "South America"
    },
    {
        "country": "Philippines",
        "location": "Southeast Asia"
    },
    {
        "country": "Pitcairn",
        "location": "Polynesia"
    },
    {
        "country": "Poland",
        "location": "Eastern Europe"
    },
    {
        "country": "Portugal",
        "location": "Southern Europe"
    },
    {
        "country": "Puerto Rico",
        "location": "Caribbean"
    },
    {
        "country": "Qatar",
        "location": "Middle East"
    },
    {
        "country": "Reunion",
        "location": "Eastern Africa"
    },
    {
        "country": "Romania",
        "location": "Eastern Europe"
    },
    {
        "country": "Russian Federation",
        "location": "Eastern Europe"
    },
    {
        "country": "Rwanda",
        "location": "Eastern Africa"
    },
    {
        "country": "Saint Helena",
        "location": "Western Africa"
    },
    {
        "country": "Saint Kitts and Nevis",
        "location": "Caribbean"
    },
    {
        "country": "Saint Lucia",
        "location": "Caribbean"
    },
    {
        "country": "Saint Pierre and Miquelon",
        "location": "North America"
    },
    {
        "country": "Saint Vincent and the Grenadines",
        "location": "Caribbean"
    },
    {
        "country": "Samoa",
        "location": "Polynesia"
    },
    {
        "country": "San Marino",
        "location": "Southern Europe"
    },
    {
        "country": "Sao Tome and Principe",
        "location": "Central Africa"
    },
    {
        "country": "Saudi Arabia",
        "location": "Middle East"
    },
    {
        "country": "Scotland",
        "location": null
    },
    {
        "country": "Senegal",
        "location": "Western Africa"
    },
    {
        "country": "Serbia",
        "location": "Central and Southeast Europe"
    },
    {
        "country": "Seychelles",
        "location": "Eastern Africa"
    },
    {
        "country": "Sierra Leone",
        "location": "Western Africa"
    },
    {
        "country": "Singapore",
        "location": "Southeast Asia"
    },
    {
        "country": "Slovakia",
        "location": "Eastern Europe"
    },
    {
        "country": "Slovenia",
        "location": "Southern Europe"
    },
    {
        "country": "Solomon Islands",
        "location": "Melanesia"
    },
    {
        "country": "Somalia",
        "location": "Eastern Africa"
    },
    {
        "country": "South Africa",
        "location": "Southern Africa"
    },
    {
        "country": "South Georgia and the South Sandwich Islands",
        "location": "Antarctica"
    },
    {
        "country": "South Korea",
        "location": "Eastern Asia"
    },
    {
        "country": "South Sudan",
        "location": "Eastern Africa"
    },
    {
        "country": "Spain",
        "location": "Southern Europe"
    },
    {
        "country": "Sri Lanka",
        "location": null
    },
    {
        "country": "Sudan",
        "location": "Northern Africa"
    },
    {
        "country": "Suriname",
        "location": "South America"
    },
    {
        "country": "Svalbard and Jan Mayen",
        "location": "Nordic Countries"
    },
    {
        "country": "Swaziland",
        "location": "Southern Africa"
    },
    {
        "country": "Sweden",
        "location": "Nordic Countries"
    },
    {
        "country": "Switzerland",
        "location": "Western Europe"
    },
    {
        "country": "Syria",
        "location": "Middle East"
    },
    {
        "country": "Tajikistan",
        "location": "Southern and Central Asia"
    },
    {
        "country": "Tanzania",
        "location": "Eastern Africa"
    },
    {
        "country": "Thailand",
        "location": "Southeast Asia"
    },
    {
        "country": "The Democratic Republic of Congo",
        "location": null
    },
    {
        "country": "Togo",
        "location": "Western Africa"
    },
    {
        "country": "Tokelau",
        "location": "Polynesia"
    },
    {
        "country": "Tonga",
        "location": "Polynesia"
    },
    {
        "country": "Trinidad and Tobago",
        "location": "Caribbean"
    },
    {
        "country": "Tunisia",
        "location": "Northern Africa"
    },
    {
        "country": "Turkey",
        "location": "Middle East"
    },
    {
        "country": "Turkmenistan",
        "location": "Southern and Central Asia"
    },
    {
        "country": "Turks and Caicos Islands",
        "location": "Caribbean"
    },
    {
        "country": "Tuvalu",
        "location": "Polynesia"
    },
    {
        "country": "Uganda",
        "location": "Eastern Africa"
    },
    {
        "country": "Ukraine",
        "location": "Eastern Europe"
    },
    {
        "country": "United Arab Emirates",
        "location": "Middle East"
    },
    {
        "country": "United Kingdom",
        "location": "British Isles"
    },
    {
        "country": "United States",
        "location": "North America"
    },
    {
        "country": "United States Minor Outlying Islands",
        "location": "Micronesia/Caribbean"
    },
    {
        "country": "Uruguay",
        "location": "South America"
    },
    {
        "country": "Uzbekistan",
        "location": "Southern and Central Asia"
    },
    {
        "country": "Vanuatu",
        "location": "Melanesia"
    },
    {
        "country": "Venezuela",
        "location": "South America"
    },
    {
        "country": "Vietnam",
        "location": "Southeast Asia"
    },
    {
        "country": "Virgin Islands, British",
        "location": null
    },
    {
        "country": "Virgin Islands, U.S.",
        "location": null
    },
    {
        "country": "Wales",
        "location": null
    },
    {
        "country": "Wallis and Futuna",
        "location": "Polynesia"
    },
    {
        "country": "Western Sahara",
        "location": "Northern Africa"
    },
    {
        "country": "Yemen",
        "location": "Middle East"
    },
    {
        "country": "Zambia",
        "location": "Eastern Africa"
    },
    {
        "country": "Zimbabwe",
        "location": "Eastern Africa"
    }
]